{
  "project_info": {
    "project_number": "410567836511",
    "firebase_url": "https://altosdetolerancia-1ace7.firebaseio.com",
    "project_id": "altosdetolerancia-1ace7",
    "storage_bucket": "altosdetolerancia-1ace7.appspot.com"
  },
  "client": [
    {
      "client_info": {
        "mobilesdk_app_id": "1:410567836511:android:cc81458b24c9a754baacea",
        "android_client_info": {
          "package_name": "com.example.altosapp"
        }
      },
      "oauth_client": [
        {
          "client_id": "410567836511-3qvvms4qrn30q3vvnagv272rv25h3fek.apps.googleusercontent.com",
          "client_type": 3
        }
      ],
      "api_key": [
        {
          "current_key": "AIzaSyAgE8ITU13OTOHLpJjH2485V14oAgd1HJs"
        }
      ],
      "services": {
        "appinvite_service": {
          "other_platform_oauth_client": [
            {
              "client_id": "410567836511-3qvvms4qrn30q3vvnagv272rv25h3fek.apps.googleusercontent.com",
              "client_type": 3
            }
          ]
        }
      }
    },
    {
      "client_info": {
        "mobilesdk_app_id": "1:410567836511:android:53ae3e347dbac4d0baacea",
        "android_client_info": {
          "package_name": "com.example.altosdetolerancia"
        }
      },
      "oauth_client": [
        {
          "client_id": "410567836511-srr0nj84pkonb53243qpvgf71bkb21m0.apps.googleusercontent.com",
          "client_type": 1,
          "android_info": {
            "package_name": "com.example.altosdetolerancia",
            "certificate_hash": "75f8e5ebd45a43bfd0c6b0bb0ba7966d82e8edf9"
          }
        },
        {
          "client_id": "410567836511-3qvvms4qrn30q3vvnagv272rv25h3fek.apps.googleusercontent.com",
          "client_type": 3
        }
      ],
      "api_key": [
        {
          "current_key": "AIzaSyAgE8ITU13OTOHLpJjH2485V14oAgd1HJs"
        }
      ],
      "services": {
        "appinvite_service": {
          "other_platform_oauth_client": [
            {
              "client_id": "410567836511-3qvvms4qrn30q3vvnagv272rv25h3fek.apps.googleusercontent.com",
              "client_type": 3
            }
          ]
        }
      }
    }
  ],
  "configuration_version": "1"
}